,size,percentage,avg_age,avg_income,avg_spending,gender_ratio,profile,recommendation
0,20,10.0,46.25,26.75,18.35,"{'Female': 0.6, 'Male': 0.4}",💰 BUDGET SHOPPERS - Careful spenders looking for value,"✓ Flash sales and coupon campaigns
✓ Value bundles and combo offers
✓ Price-match guarantees"
1,54,27.0,25.185185185185187,41.092592592592595,62.24074074074074,"{'Female': 0.5925925925925926, 'Male': 0.4074074074074074}",⚖️ BALANCED SHOPPERS - Moderate income and spending,"✓ Mixed offers and seasonal promotions
✓ Reward points program
✓ Flexible payment options"
2,40,20.0,32.875,86.1,81.525,"{'Female': 0.55, 'Male': 0.45}",💎 HIGH-VALUE CUSTOMERS - Premium buyers with high spending power,"✓ Offer luxury products, premium memberships, and VIP experiences
✓ Personalized shopping assistance
✓ Early access to new collections"
3,39,19.5,39.87179487179487,86.1025641025641,19.358974358974358,"{'Male': 0.5128205128205128, 'Female': 0.48717948717948717}",💼 CAREER PROFESSIONALS - High income but low spending - need incentivizing,"✓ Targeted discounts and loyalty programs
✓ Professional networking events
✓ Corporate partnership offers"
4,47,23.5,55.638297872340424,54.38297872340426,48.851063829787236,"{'Female': 0.574468085106383, 'Male': 0.425531914893617}",⚖️ BALANCED SHOPPERS - Moderate income and spending,"✓ Mixed offers and seasonal promotions
✓ Reward points program
✓ Flexible payment options"
